ID_Cliente,Pais,Edad,Segmento
1,Colombia,39,B2C
2,Argentina,55,Academic
3,Argentina,33,B2C
4,España,19,B2C
5,Chile,43,B2B
6,Colombia,26,B2B
7,Chile,18,Academic
8,España,64,B2B
9,España,54,B2B
10,México,29,B2C
11,España,32,B2C
12,Colombia,34,B2B
13,México,62,B2C
14,Chile,31,B2C
15,Colombia,57,B2C
16,España,20,B2B
17,México,21,B2C
18,Colombia,45,Academic
19,México,24,B2C
20,España,56,B2C
21,México,25,B2B
22,Colombia,30,B2C
23,España,19,B2C
24,Chile,48,B2C
25,Colombia,41,B2B
26,Colombia,32,B2C
27,México,59,B2C
28,Chile,19,B2B
29,Argentina,62,B2B
30,Argentina,23,B2C
31,Colombia,55,B2C
32,Chile,53,B2C
33,España,38,B2B
34,España,60,B2C
35,España,41,B2C
36,México,44,B2C
37,México,63,B2B
38,Chile,22,B2C
39,Argentina,24,B2C
40,Argentina,49,B2C
41,Chile,35,B2C
42,Colombia,34,B2C
43,Argentina,19,B2B
44,Argentina,45,Academic
45,Chile,45,B2C
46,España,24,B2B
47,Chile,24,B2C
48,España,43,B2C
49,Argentina,49,B2C
50,España,27,B2C
51,Chile,45,B2C
52,Chile,34,B2B
53,Argentina,19,B2B
54,Colombia,56,B2C
55,Chile,38,B2C
56,España,36,B2C
57,Colombia,31,B2C
58,Chile,28,B2C
59,Argentina,20,B2C
60,Colombia,32,Academic
61,Chile,22,B2C
62,Colombia,20,B2C
63,Colombia,50,B2C
64,Argentina,36,B2C
65,México,38,Academic
66,México,64,B2C
67,Argentina,44,B2C
68,España,22,B2C
69,Chile,31,B2C
70,Chile,31,B2B
71,España,20,B2C
72,España,18,B2C
73,Chile,29,B2C
74,España,54,B2C
75,Chile,54,B2B
76,España,39,Academic
77,Argentina,59,B2C
78,Chile,44,B2C
79,Chile,43,B2C
80,Argentina,58,B2B
81,Colombia,50,B2C
82,Argentina,31,B2C
83,Colombia,28,B2C
84,México,20,B2C
85,España,59,B2C
86,Chile,35,B2B
87,México,19,B2C
88,España,63,B2C
89,España,40,B2C
90,Argentina,22,B2C
91,Argentina,24,B2B
92,Colombia,29,B2B
93,Argentina,21,B2B
94,Colombia,43,B2B
95,México,48,B2B
96,España,51,B2C
97,Argentina,26,B2B
98,España,44,B2B
99,España,39,B2C
100,España,62,B2B
101,Argentina,34,B2C
102,España,64,B2C
103,México,54,B2C
104,México,43,Academic
105,Chile,44,B2C
106,México,39,B2B
107,Argentina,34,B2B
108,España,26,B2B
109,Argentina,61,B2C
110,Chile,29,B2C
111,Chile,35,B2B
112,Colombia,20,B2C
113,Chile,38,Academic
114,Colombia,55,B2B
115,España,54,B2C
116,España,23,B2C
117,Chile,43,B2C
118,España,24,B2C
119,Argentina,28,B2C
120,Argentina,33,B2C
121,Colombia,34,Academic
122,Argentina,58,Academic
123,España,20,B2C
124,México,24,B2C
125,Chile,46,B2C
126,México,59,B2C
127,México,21,B2C
128,México,54,Academic
129,Chile,29,Academic
130,Colombia,53,B2C
131,España,56,B2C
132,España,38,B2C
133,España,53,Academic
134,España,45,B2C
135,Colombia,32,B2B
136,México,43,B2C
137,Chile,48,B2C
138,México,31,B2C
139,Colombia,29,Academic
140,México,29,B2B
141,España,47,B2C
142,Chile,60,B2B
143,Colombia,35,B2C
144,Colombia,36,B2C
145,Colombia,21,B2B
146,Chile,43,B2B
147,España,55,B2C
148,Colombia,35,B2C
149,España,49,B2C
150,Chile,45,B2C
151,Colombia,61,Academic
152,Colombia,31,B2C
153,España,36,B2C
154,Argentina,18,B2C
155,Argentina,22,B2C
156,España,63,B2C
157,Colombia,32,B2C
158,España,31,B2C
159,España,29,B2B
160,Chile,35,B2C
161,Colombia,28,B2C
162,Chile,29,B2C
163,México,19,B2B
164,Colombia,64,Academic
165,España,45,B2C
166,España,31,B2C
167,México,18,B2B
168,Argentina,56,B2C
169,México,56,B2C
170,México,22,B2C
171,Colombia,24,B2C
172,Colombia,31,B2B
173,Colombia,31,Academic
174,Chile,61,B2C
175,España,53,B2C
176,Chile,40,B2C
177,Chile,40,Academic
178,Argentina,25,B2C
179,México,49,B2C
180,Colombia,61,B2C
181,México,63,B2C
182,Argentina,51,B2C
183,Colombia,20,B2C
184,España,59,B2C
185,México,32,B2C
186,Colombia,35,B2C
187,España,27,B2C
188,Colombia,22,B2C
189,Colombia,21,B2C
190,Colombia,31,B2C
191,España,49,B2B
192,Colombia,36,B2B
193,España,35,B2B
194,España,21,B2B
195,México,31,B2B
196,Argentina,37,B2C
197,Colombia,42,B2B
198,Colombia,19,Academic
199,Chile,18,B2C
200,México,57,Academic
201,España,50,B2C
202,Chile,45,B2C
203,Chile,33,B2C
204,Colombia,27,B2C
205,Chile,62,B2C
206,Colombia,53,B2B
207,Colombia,59,B2C
208,Colombia,30,Academic
209,Chile,62,B2C
210,Colombia,57,B2C
211,Chile,18,B2C
212,Argentina,24,B2B
213,Colombia,30,Academic
214,México,35,B2C
215,Argentina,56,B2C
216,Colombia,52,B2C
217,Chile,50,B2B
218,Chile,40,B2C
219,Chile,56,B2C
220,Chile,42,B2C
221,México,33,B2C
222,Argentina,35,B2C
223,Argentina,49,B2C
224,España,37,B2B
225,México,23,B2B
226,España,20,B2C
227,España,60,Academic
228,Chile,51,B2C
229,México,43,B2C
230,Argentina,35,B2C
231,Argentina,54,B2C
232,Chile,49,B2C
233,Chile,42,B2C
234,Argentina,22,B2C
235,México,20,B2C
236,México,35,Academic
237,España,36,B2C
238,Colombia,56,B2C
239,Argentina,46,B2B
240,Argentina,18,B2C
241,Chile,51,B2C
242,Chile,26,B2C
243,Colombia,23,Academic
244,Argentina,46,Academic
245,Chile,51,Academic
246,Colombia,56,B2C
247,Argentina,19,B2C
248,México,44,B2C
249,Colombia,54,B2B
250,Argentina,51,B2B
251,México,56,B2C
252,Chile,60,B2C
253,Argentina,42,B2C
254,Chile,57,B2C
255,Chile,49,B2B
256,España,64,B2B
257,México,54,B2C
258,España,26,B2C
259,Colombia,58,B2C
260,México,40,B2B
261,México,44,B2C
262,Chile,19,B2C
263,Colombia,59,B2C
264,Argentina,43,B2C
265,Argentina,59,Academic
266,Colombia,40,B2B
267,Colombia,35,B2C
268,España,50,B2B
269,México,20,B2C
270,Colombia,49,B2C
271,España,42,B2C
272,Colombia,58,B2C
273,España,53,B2C
274,España,35,B2C
275,Argentina,61,B2C
276,México,31,Academic
277,Chile,41,B2B
278,Colombia,20,B2C
279,Colombia,64,B2C
280,Colombia,49,B2C
281,Chile,34,B2C
282,Chile,24,B2B
283,Argentina,25,B2C
284,Colombia,45,B2C
285,México,53,B2C
286,Argentina,27,B2C
287,España,54,B2C
288,España,60,B2C
289,Colombia,47,B2C
290,España,39,B2C
291,México,61,B2C
292,Chile,52,B2C
293,Chile,63,B2B
294,Colombia,29,B2C
295,Colombia,33,B2C
296,España,54,B2C
297,España,36,B2C
298,Chile,44,B2C
299,Argentina,58,B2C
300,Colombia,32,B2B
301,Argentina,53,B2C
302,España,18,B2C
303,Colombia,51,Academic
304,España,32,Academic
305,España,48,B2C
306,Argentina,20,B2C
307,Colombia,20,B2B
308,Chile,37,B2B
309,Chile,21,Academic
310,Argentina,23,B2C
311,Colombia,20,B2B
312,Argentina,19,B2C
313,Chile,35,B2B
314,Colombia,24,B2C
315,España,42,B2C
316,Colombia,25,Academic
317,Argentina,21,B2C
318,España,47,B2C
319,Colombia,22,B2C
320,México,26,B2C
321,Argentina,34,B2C
322,Chile,56,B2B
323,Colombia,32,B2C
324,Colombia,36,B2C
325,Chile,42,B2B
326,España,26,Academic
327,Argentina,23,B2C
328,España,18,B2C
329,Chile,46,B2B
330,España,39,B2C
331,Colombia,43,B2C
332,Chile,54,B2C
333,Chile,21,B2C
334,Colombia,38,Academic
335,México,37,B2C
336,Chile,64,B2C
337,Chile,47,B2C
338,Colombia,45,B2B
339,Chile,40,B2C
340,Colombia,22,B2C
341,Colombia,41,B2B
342,España,19,B2C
343,México,44,B2C
344,Argentina,18,B2C
345,Colombia,35,B2C
346,México,54,B2C
347,Colombia,51,B2C
348,Chile,37,B2C
349,Colombia,28,Academic
350,México,38,Academic
351,Chile,52,B2C
352,Chile,48,Academic
353,Colombia,32,B2B
354,México,22,B2C
355,Colombia,62,B2C
356,España,30,B2C
357,Argentina,48,B2C
358,México,30,B2C
359,Chile,46,B2C
360,Argentina,59,B2C
361,España,58,B2C
362,México,19,B2C
363,México,33,B2C
364,México,49,Academic
365,España,53,B2B
366,Colombia,28,B2C
367,España,59,B2C
368,Argentina,33,B2C
369,Colombia,21,B2C
370,Chile,27,B2C
371,España,30,B2C
372,Colombia,60,B2C
373,España,54,B2C
374,España,45,B2C
375,Chile,43,B2C
376,Colombia,58,B2C
377,México,38,B2C
378,España,59,B2B
379,Argentina,30,B2C
380,Colombia,42,B2C
381,España,59,B2B
382,España,63,B2C
383,España,30,B2C
384,Argentina,40,B2C
385,Colombia,63,B2C
386,México,40,B2B
387,Chile,34,B2C
388,España,25,B2C
389,Chile,38,B2C
390,España,24,B2C
391,España,61,B2C
392,España,42,B2C
393,España,63,B2C
394,Argentina,28,B2B
395,Chile,19,B2C
396,España,38,B2C
397,Chile,30,B2C
398,México,57,B2C
399,Argentina,52,B2C
400,España,61,Academic
401,Argentina,64,B2C
402,Colombia,40,B2C
403,Chile,60,B2C
404,Colombia,19,B2C
405,México,45,B2C
406,Chile,18,Academic
407,Chile,58,B2C
408,España,24,B2C
409,Chile,58,B2C
410,España,24,B2B
411,España,32,B2C
412,Colombia,31,B2C
413,Chile,36,B2C
414,España,49,B2B
415,Colombia,52,B2C
416,México,50,B2C
417,Chile,39,B2C
418,México,29,B2C
419,Colombia,50,Academic
420,Chile,35,B2B
421,Chile,64,B2C
422,Chile,41,Academic
423,España,26,B2C
424,Argentina,18,B2C
425,España,56,B2C
426,Argentina,30,Academic
427,Argentina,38,B2C
428,Chile,44,Academic
429,España,57,B2C
430,Chile,41,B2C
431,Chile,43,Academic
432,México,21,Academic
433,España,48,B2B
434,Colombia,39,B2C
435,Chile,63,B2C
436,México,26,B2C
437,España,35,B2C
438,Argentina,58,B2C
439,Chile,62,B2C
440,España,42,B2B
441,México,33,B2C
442,Colombia,39,B2B
443,Argentina,38,B2C
444,España,20,B2B
445,Chile,27,B2C
446,Colombia,48,B2C
447,España,35,B2C
448,México,29,B2C
449,Argentina,64,B2B
450,España,57,B2C
451,Chile,29,B2C
452,Argentina,35,Academic
453,Argentina,33,B2C
454,Chile,46,B2B
455,México,24,B2C
456,España,26,B2C
457,Chile,48,B2C
458,Chile,29,B2B
459,Argentina,34,B2C
460,México,37,B2C
461,Chile,31,B2B
462,Colombia,47,B2C
463,Argentina,48,Academic
464,Colombia,23,B2C
465,España,57,B2C
466,Argentina,23,B2B
467,Argentina,44,B2C
468,México,24,B2C
469,España,29,B2C
470,Argentina,48,B2C
471,España,22,B2C
472,Colombia,19,B2C
473,México,35,B2C
474,Colombia,63,B2B
475,España,25,B2C
476,España,43,B2C
477,Chile,47,B2B
478,España,60,B2C
479,España,55,B2C
480,Chile,30,B2C
481,México,60,B2C
482,España,61,B2B
483,México,43,B2C
484,México,54,B2C
485,México,18,B2C
486,Chile,25,B2B
487,Argentina,31,B2B
488,España,60,B2C
489,Argentina,31,B2C
490,Argentina,47,B2B
491,México,22,B2C
492,Colombia,46,B2B
493,España,30,B2C
494,Colombia,21,B2B
495,Colombia,26,B2C
496,Chile,31,B2B
497,Colombia,49,B2C
498,México,62,B2C
499,Chile,23,Academic
500,Colombia,42,B2C
501,Argentina,62,B2C
502,México,36,B2C
503,España,60,B2C
504,Colombia,40,B2C
505,Argentina,40,B2B
506,Colombia,49,B2B
507,España,37,B2C
508,España,36,B2C
509,Chile,46,B2C
510,México,33,B2C
511,España,42,B2C
512,España,40,Academic
513,Chile,51,B2B
514,Colombia,21,B2C
515,Argentina,30,B2C
516,Colombia,54,B2C
517,España,55,B2C
518,Argentina,53,B2C
519,Chile,21,B2C
520,Chile,56,B2C
521,España,27,Academic
522,Chile,27,B2B
523,Colombia,49,B2C
524,Chile,48,B2B
525,Colombia,21,B2C
526,Argentina,59,B2C
527,Argentina,39,B2C
528,Colombia,25,B2B
529,Chile,63,Academic
530,Colombia,56,B2C
531,Chile,52,B2C
532,México,34,B2C
533,España,19,B2B
534,Chile,28,Academic
535,Argentina,57,B2C
536,México,28,B2C
537,México,46,B2C
538,Chile,52,B2C
539,Argentina,31,B2B
540,España,40,B2C
541,Colombia,35,B2C
542,México,27,B2C
543,Chile,39,B2C
544,México,64,B2B
545,España,58,Academic
546,Argentina,57,B2C
547,España,18,B2C
548,Argentina,53,B2C
549,España,44,B2B
550,Colombia,39,B2C
551,México,29,B2B
552,España,54,B2C
553,México,19,B2C
554,España,26,B2C
555,España,55,Academic
556,México,46,Academic
557,México,36,B2B
558,España,42,Academic
559,Colombia,26,B2C
560,Argentina,35,Academic
561,Colombia,25,B2B
562,España,60,B2C
563,Colombia,57,B2B
564,México,64,B2C
565,Colombia,25,Academic
566,España,41,B2C
567,México,45,B2C
568,México,25,B2C
569,Colombia,34,B2C
570,Chile,46,B2C
571,Argentina,59,B2B
572,Argentina,43,B2B
573,Colombia,27,B2C
574,México,55,B2C
575,México,63,B2C
576,Argentina,19,B2C
577,Chile,45,B2C
578,Argentina,59,B2C
579,España,64,B2C
580,Colombia,63,B2C
581,Argentina,53,B2C
582,México,54,Academic
583,Argentina,40,B2C
584,Colombia,34,B2C
585,Chile,26,B2B
586,Colombia,19,B2C
587,Colombia,63,B2C
588,Chile,53,B2C
589,Argentina,50,B2C
590,Colombia,53,B2C
591,Argentina,21,B2C
592,España,58,B2B
593,Argentina,29,B2C
594,Colombia,24,B2B
595,México,48,B2C
596,Argentina,54,B2C
597,México,62,Academic
598,México,56,B2C
599,Argentina,44,Academic
600,España,43,B2B
601,Chile,64,B2C
602,España,28,B2C
603,Colombia,28,B2B
604,Argentina,20,B2C
605,México,44,B2C
606,Argentina,26,B2C
607,Chile,56,B2C
608,Colombia,62,B2B
609,Argentina,58,B2C
610,Chile,32,B2C
611,Colombia,35,B2C
612,Chile,41,B2B
613,México,64,B2C
614,España,41,B2C
615,Colombia,18,Academic
616,España,64,B2C
617,España,52,B2C
618,España,55,B2B
619,Chile,40,B2C
620,Argentina,64,B2C
621,Colombia,38,B2C
622,Colombia,26,B2C
623,México,27,B2B
624,España,35,B2C
625,Colombia,56,B2C
626,Argentina,36,B2C
627,México,35,B2C
628,Argentina,55,B2C
629,Colombia,32,B2B
630,México,32,Academic
631,Chile,57,B2C
632,España,61,B2C
633,Chile,26,B2C
634,Colombia,32,B2C
635,Chile,62,B2C
636,México,44,B2C
637,Argentina,59,B2C
638,Argentina,26,B2B
639,Chile,40,B2C
640,Chile,28,B2C
641,España,28,B2C
642,Colombia,38,B2C
643,España,41,B2C
644,México,33,B2C
645,España,29,Academic
646,Chile,64,B2C
647,Colombia,52,Academic
648,España,55,B2C
649,España,35,B2C
650,Colombia,62,B2C
651,Argentina,40,B2B
652,Argentina,26,B2C
653,España,36,Academic
654,Chile,51,B2C
655,Chile,20,B2C
656,México,58,B2C
657,Chile,55,B2B
658,Colombia,46,B2B
659,Argentina,61,B2B
660,Argentina,18,Academic
661,Argentina,56,Academic
662,Chile,43,B2C
663,Colombia,44,Academic
664,Argentina,30,Academic
665,México,46,B2C
666,Chile,33,B2C
667,Chile,24,B2B
668,España,54,B2C
669,España,25,Academic
670,Colombia,27,B2B
671,España,57,B2C
672,Chile,60,B2C
673,España,23,B2B
674,México,25,B2C
675,España,39,B2C
676,Colombia,31,B2B
677,Chile,20,B2B
678,Chile,34,B2C
679,Chile,47,B2C
680,México,30,B2C
681,Colombia,46,B2B
682,México,56,B2C
683,Colombia,58,B2C
684,España,24,B2C
685,Argentina,49,B2C
686,Argentina,57,B2C
687,Argentina,22,Academic
688,España,27,B2B
689,España,19,B2C
690,Colombia,41,B2B
691,Colombia,41,B2C
692,España,60,Academic
693,Chile,56,B2C
694,Colombia,22,B2C
695,Chile,42,B2C
696,España,26,B2C
697,Colombia,25,B2C
698,Argentina,25,B2C
699,Chile,60,B2C
700,Argentina,18,B2C
701,España,38,B2C
702,España,46,B2C
703,Colombia,39,B2C
704,Argentina,53,B2C
705,México,18,B2C
706,Argentina,28,B2C
707,México,39,B2C
708,Colombia,63,Academic
709,Colombia,24,Academic
710,Argentina,20,B2B
711,Argentina,28,B2C
712,Colombia,43,B2B
713,España,56,B2C
714,México,23,B2C
715,Argentina,18,B2C
716,Chile,32,B2C
717,Chile,57,B2C
718,Colombia,45,B2C
719,Argentina,49,B2C
720,Colombia,48,B2C
721,Argentina,22,B2B
722,Colombia,61,B2C
723,México,62,B2C
724,México,29,B2C
725,Colombia,53,B2C
726,México,58,B2C
727,México,23,B2C
728,Colombia,59,B2C
729,Chile,54,B2C
730,Argentina,38,B2B
731,España,63,B2B
732,Argentina,49,B2B
733,Argentina,55,B2C
734,Argentina,23,B2C
735,Chile,30,Academic
736,Colombia,62,B2C
737,México,36,B2C
738,Colombia,43,B2C
739,España,21,B2C
740,México,48,B2C
741,Chile,24,B2C
742,México,36,B2C
743,Argentina,60,B2C
744,España,21,B2C
745,Chile,26,B2C
746,Chile,46,B2C
747,Argentina,39,B2C
748,México,21,B2C
749,Colombia,25,B2C
750,Chile,29,B2C
751,Colombia,21,B2B
752,Argentina,59,B2C
753,Colombia,38,B2B
754,España,23,B2C
755,Argentina,56,B2B
756,Colombia,43,B2C
757,Colombia,56,B2C
758,Chile,37,B2C
759,Chile,49,B2C
760,España,57,B2C
761,México,49,B2B
762,México,29,B2C
763,México,32,Academic
764,España,61,B2C
765,España,54,B2C
766,Chile,42,B2C
767,España,18,B2B
768,Argentina,46,B2C
769,España,30,B2B
770,Chile,24,B2B
771,Chile,60,B2C
772,España,54,B2B
773,Chile,42,B2C
774,Chile,23,B2B
775,Argentina,28,Academic
776,Chile,54,B2B
777,Colombia,64,Academic
778,Argentina,48,B2C
779,México,64,B2C
780,Colombia,22,B2C
781,Colombia,63,B2C
782,México,49,B2C
783,España,42,B2C
784,Colombia,30,B2B
785,Colombia,34,B2C
786,España,24,B2B
787,Chile,34,B2C
788,España,28,Academic
789,España,59,B2C
790,Chile,61,B2C
791,España,31,B2C
792,Chile,53,B2B
793,Chile,34,B2C
794,España,27,B2C
795,Colombia,32,B2C
796,Chile,48,B2B
797,Argentina,24,B2C
798,Colombia,63,B2C
799,Colombia,37,B2C
800,México,49,B2C
801,Colombia,64,B2C
802,España,32,B2C
803,España,21,Academic
804,Colombia,24,B2B
805,España,56,B2B
806,México,41,B2C
807,México,63,B2C
808,España,35,B2C
809,España,25,B2C
810,España,46,B2C
811,Chile,63,B2C
812,México,51,B2B
813,Argentina,56,B2B
814,Colombia,54,B2B
815,México,40,B2C
816,Argentina,61,B2C
817,Colombia,37,Academic
818,Colombia,44,B2C
819,España,64,B2C
820,España,29,B2C
821,Chile,47,B2C
822,México,37,B2C
823,Chile,27,B2C
824,Chile,53,B2C
825,Colombia,61,Academic
826,España,22,B2B
827,México,37,B2C
828,Colombia,59,B2B
829,Argentina,58,B2C
830,México,39,B2C
831,Argentina,49,B2C
832,México,51,B2C
833,México,27,B2C
834,Chile,36,B2B
835,Colombia,44,B2C
836,Chile,55,B2C
837,Argentina,30,B2C
838,Argentina,64,B2C
839,Argentina,56,B2C
840,Chile,41,B2B
841,España,37,B2B
842,Colombia,52,B2C
843,Chile,40,B2C
844,España,28,Academic
845,Chile,49,Academic
846,México,64,B2C
847,España,62,B2C
848,Colombia,63,Academic
849,Colombia,39,B2C
850,Chile,41,B2C
851,México,44,B2C
852,Chile,34,B2C
853,Argentina,57,B2C
854,Chile,50,B2C
855,México,51,B2C
856,Colombia,58,B2B
857,Colombia,45,B2B
858,Argentina,31,B2C
859,España,59,B2B
860,Colombia,64,B2C
861,España,49,B2C
862,España,34,B2C
863,Chile,30,B2C
864,México,40,B2B
865,México,44,Academic
866,Colombia,25,B2C
867,Colombia,39,B2C
868,Chile,49,B2C
869,México,33,B2C
870,Chile,55,Academic
871,España,24,B2B
872,Colombia,59,B2C
873,España,56,B2C
874,España,48,B2C
875,México,32,B2C
876,Colombia,45,B2C
877,Argentina,57,B2B
878,Colombia,21,B2C
879,Colombia,40,B2C
880,España,22,B2B
881,Colombia,40,B2C
882,España,50,B2C
883,México,47,B2C
884,España,19,B2C
885,México,53,B2C
886,Chile,26,B2C
887,Colombia,37,B2C
888,Argentina,52,B2C
889,México,49,B2B
890,Colombia,60,B2C
891,Argentina,51,B2B
892,Colombia,34,B2B
893,Chile,50,B2C
894,Argentina,33,B2B
895,México,18,B2B
896,Colombia,20,B2C
897,Chile,28,B2B
898,España,56,B2C
899,Colombia,26,Academic
900,Argentina,47,B2C
901,Colombia,34,B2B
902,Argentina,28,B2C
903,México,35,B2C
904,México,31,B2C
905,México,41,B2C
906,Argentina,58,B2C
907,México,38,B2B
908,México,64,B2B
909,España,61,B2C
910,España,40,B2C
911,México,64,B2C
912,España,39,B2B
913,Argentina,37,B2C
914,Argentina,38,B2C
915,España,61,B2C
916,Colombia,64,B2C
917,Argentina,20,B2B
918,Colombia,41,B2C
919,México,21,B2C
920,México,63,B2B
921,Argentina,33,B2B
922,España,41,B2C
923,España,35,B2C
924,Chile,40,B2C
925,Colombia,61,Academic
926,Chile,28,B2B
927,México,45,Academic
928,Argentina,40,B2C
929,México,49,B2C
930,Argentina,56,B2C
931,Argentina,52,B2C
932,Chile,22,B2C
933,Argentina,47,B2C
934,España,33,B2C
935,Chile,34,B2C
936,México,58,B2B
937,Argentina,62,B2C
938,España,26,B2C
939,Colombia,20,B2C
940,Chile,26,B2B
941,Chile,26,B2C
942,Argentina,46,B2C
943,España,56,B2C
944,México,34,B2C
945,Argentina,23,B2C
946,España,47,B2B
947,México,54,B2C
948,Colombia,58,B2C
949,España,48,Academic
950,Argentina,53,B2C
951,Colombia,50,B2C
952,Chile,51,B2B
953,España,44,B2C
954,Colombia,31,B2B
955,Chile,52,B2C
956,España,32,B2C
957,España,40,B2C
958,Chile,32,Academic
959,Chile,34,B2B
960,España,36,Academic
961,Colombia,37,B2B
962,España,59,B2C
963,Chile,56,B2C
964,Chile,25,Academic
965,México,49,B2C
966,Colombia,19,B2C
967,Chile,42,B2C
968,Colombia,36,Academic
969,España,32,B2C
970,Chile,35,B2C
971,Chile,18,B2C
972,España,48,B2C
973,Argentina,47,B2C
974,Colombia,37,B2B
975,España,60,B2C
976,Argentina,29,B2B
977,España,45,B2C
978,Argentina,22,B2C
979,Chile,25,B2C
980,México,47,B2B
981,México,51,B2C
982,España,60,B2C
983,Argentina,39,B2C
984,España,49,B2B
985,Argentina,29,B2C
986,México,42,B2B
987,Chile,55,B2C
988,Colombia,39,B2C
989,México,41,B2B
990,Colombia,27,B2C
991,México,54,B2B
992,Colombia,21,B2C
993,Colombia,25,B2B
994,Colombia,24,B2C
995,Argentina,58,B2B
996,Chile,59,B2B
997,Argentina,51,B2C
998,Colombia,59,B2C
999,España,46,B2C
1000,Argentina,24,B2C
1001,España,63,B2C
1002,Argentina,61,B2C
1003,México,43,B2C
1004,Chile,51,B2C
1005,España,18,B2B
1006,España,49,B2C
1007,Argentina,31,B2C
1008,México,24,B2C
1009,España,37,B2B
1010,Argentina,26,B2B
1011,México,45,B2C
1012,España,63,B2C
1013,Colombia,26,B2C
1014,Colombia,36,B2C
1015,Colombia,43,B2C
1016,Chile,56,B2C
1017,México,60,B2C
1018,España,40,Academic
1019,Argentina,31,B2B
1020,España,19,B2C
1021,México,54,B2B
1022,España,45,B2C
1023,España,27,B2C
1024,Colombia,23,B2B
1025,Colombia,34,B2C
1026,Argentina,55,B2C
1027,Colombia,44,B2B
1028,Colombia,64,B2C
1029,Argentina,23,B2B
1030,México,52,B2C
1031,Argentina,39,Academic
1032,Colombia,56,B2C
1033,Colombia,54,B2C
1034,México,57,B2C
1035,España,43,B2C
1036,Chile,36,B2C
1037,México,22,B2C
1038,Argentina,28,B2C
1039,México,27,B2C
1040,Chile,54,B2C
1041,Chile,56,B2C
1042,Colombia,32,B2C
1043,Argentina,41,B2C
1044,España,20,B2C
1045,Colombia,59,B2C
1046,España,34,B2C
1047,Chile,60,Academic
1048,Argentina,41,B2C
1049,Colombia,57,B2C
1050,Colombia,63,B2C
1051,México,20,B2C
1052,Argentina,39,B2C
1053,Chile,62,B2C
1054,España,44,B2C
1055,Colombia,59,B2C
1056,España,58,B2C
1057,Chile,45,B2C
1058,Colombia,25,B2C
1059,Chile,37,B2C
1060,Argentina,32,B2C
1061,Colombia,45,B2C
1062,Argentina,30,B2C
1063,Argentina,18,B2C
1064,México,44,B2B
1065,Argentina,49,B2C
1066,México,18,B2C
1067,España,27,B2B
1068,Chile,53,B2C
1069,México,52,B2C
1070,México,26,B2C
1071,México,30,Academic
1072,España,20,B2C
1073,España,43,B2C
1074,Chile,64,B2C
1075,Chile,54,B2C
1076,Chile,43,B2B
1077,México,59,B2B
1078,Argentina,25,B2B
1079,México,28,B2B
1080,México,22,B2C
1081,España,56,B2B
1082,Argentina,20,B2C
1083,Chile,46,B2C
1084,México,59,B2C
1085,Argentina,30,B2C
1086,México,43,B2C
1087,Chile,57,B2C
1088,Argentina,62,B2C
1089,Chile,64,B2C
1090,Argentina,40,B2C
1091,Chile,64,B2C
1092,Chile,25,B2C
1093,Chile,31,Academic
1094,Argentina,35,B2C
1095,México,51,B2B
1096,Chile,51,B2C
1097,España,19,B2B
1098,Argentina,60,B2C
1099,Colombia,42,B2C
1100,Argentina,31,B2C
1101,España,38,B2C
1102,Chile,20,B2C
1103,México,57,B2B
1104,Argentina,62,B2C
1105,Colombia,41,B2B
1106,Argentina,26,B2C
1107,México,19,B2C
1108,Argentina,52,B2B
1109,Chile,63,B2C
1110,España,37,B2C
1111,México,47,Academic
1112,Argentina,46,B2C
1113,México,54,B2C
1114,México,40,B2C
1115,México,19,B2C
1116,Argentina,29,Academic
1117,México,32,B2B
1118,Colombia,22,B2C
1119,España,25,B2C
1120,España,30,B2C
1121,México,44,B2B
1122,Colombia,57,B2C
1123,Argentina,36,Academic
1124,Colombia,54,B2C
1125,Colombia,49,B2C
1126,Chile,22,B2B
1127,Chile,30,B2C
1128,Colombia,36,B2C
1129,España,18,B2C
1130,Argentina,40,B2C
1131,Chile,28,B2B
1132,Colombia,35,B2C
1133,México,31,B2C
1134,Argentina,21,B2C
1135,España,37,B2C
1136,Chile,46,B2C
1137,España,42,B2C
1138,México,34,B2C
1139,Chile,20,B2C
1140,Colombia,19,B2C
1141,Colombia,45,Academic
1142,Colombia,36,B2C
1143,España,22,B2B
1144,España,47,B2C
1145,Argentina,55,B2C
1146,Argentina,41,B2C
1147,España,21,Academic
1148,Colombia,35,B2C
1149,España,58,B2B
1150,Argentina,61,Academic
1151,España,37,B2C
1152,Colombia,38,B2C
1153,Argentina,38,B2B
1154,Argentina,41,B2C
1155,España,33,B2C
1156,Chile,30,Academic
1157,Chile,23,B2B
1158,Colombia,59,B2C
1159,México,30,B2C
1160,Colombia,48,B2B
1161,Colombia,49,B2B
1162,España,20,B2B
1163,España,61,B2C
1164,España,35,B2C
1165,España,30,B2C
1166,Chile,20,B2C
1167,México,24,B2C
1168,Argentina,63,B2B
1169,Argentina,37,B2C
1170,Chile,41,B2C
1171,Colombia,43,B2C
1172,España,22,B2C
1173,México,56,Academic
1174,Chile,21,B2C
1175,México,30,Academic
1176,Chile,58,B2B
1177,España,25,B2B
1178,Argentina,35,B2B
1179,España,34,B2C
1180,México,61,B2C
1181,Chile,45,Academic
1182,México,26,B2B
1183,España,46,B2C
1184,Colombia,34,B2C
1185,Colombia,39,B2C
1186,México,58,B2B
1187,Colombia,37,B2C
1188,Chile,33,Academic
1189,Chile,22,B2C
1190,España,23,B2B
1191,Chile,63,B2B
1192,Chile,44,B2C
1193,Argentina,52,Academic
1194,México,61,B2B
1195,Argentina,56,B2C
1196,Colombia,47,B2C
1197,Chile,51,B2C
1198,México,61,B2C
1199,España,56,B2C
1200,Chile,42,B2C
1201,Argentina,20,B2C
1202,Colombia,22,B2C
1203,Argentina,19,B2C
1204,Chile,51,B2B
1205,México,61,B2B
1206,Chile,39,B2C
1207,Colombia,47,B2B
1208,Argentina,60,B2C
1209,Colombia,45,B2C
1210,México,47,Academic
1211,Chile,45,B2C
1212,México,31,Academic
1213,Colombia,21,Academic
1214,España,60,B2C
1215,España,33,B2C
1216,México,39,B2C
1217,España,31,B2C
1218,Colombia,46,B2C
1219,México,57,B2B
1220,Argentina,21,B2C
1221,España,63,B2C
1222,Argentina,22,B2C
1223,Argentina,48,B2C
1224,España,21,B2C
1225,España,57,B2C
1226,Chile,34,B2C
1227,Chile,44,B2B
1228,Colombia,36,B2B
1229,España,25,B2C
1230,España,43,B2B
1231,México,20,B2C
1232,Chile,20,B2C
1233,Colombia,47,B2C
1234,Colombia,47,B2C
1235,Chile,43,B2C
1236,México,57,B2C
1237,Chile,53,B2C
1238,España,30,B2C
1239,México,30,Academic
1240,Argentina,63,B2C
1241,Argentina,53,B2C
1242,Colombia,56,B2C
1243,Chile,40,Academic
1244,México,19,B2C
1245,Colombia,39,B2C
1246,Colombia,59,B2C
1247,México,36,Academic
1248,España,33,Academic
1249,España,56,B2C
1250,Argentina,27,B2C
1251,España,27,B2C
1252,Colombia,50,B2C
1253,Chile,28,B2B
1254,Argentina,35,B2C
1255,Colombia,46,B2C
1256,Argentina,64,B2C
1257,Colombia,40,B2C
1258,España,64,B2B
1259,Colombia,26,Academic
1260,México,55,B2C
1261,México,33,Academic
1262,Argentina,62,B2C
1263,Chile,51,B2C
1264,Argentina,54,B2C
1265,España,39,B2C
1266,España,62,B2C
1267,España,55,B2C
1268,Chile,38,B2C
1269,Argentina,34,B2C
1270,España,29,B2C
1271,Argentina,54,B2C
1272,México,18,Academic
1273,Chile,32,B2C
1274,Argentina,64,B2B
1275,España,36,B2B
1276,Colombia,59,B2C
1277,Chile,48,B2B
1278,México,64,B2B
1279,Colombia,28,B2C
1280,Chile,21,B2C
1281,España,55,Academic
1282,Argentina,57,B2C
1283,Colombia,35,B2C
1284,Chile,40,Academic
1285,España,43,B2C
1286,Chile,33,B2C
1287,Colombia,59,B2C
1288,México,18,B2C
1289,Chile,35,Academic
1290,México,36,B2C
1291,Argentina,40,B2C
1292,México,36,B2C
1293,Chile,61,B2C
1294,España,41,B2B
1295,Argentina,58,B2C
1296,México,18,B2B
1297,México,56,B2C
1298,Chile,56,B2B
1299,España,45,B2B
1300,México,33,B2C
1301,Colombia,18,B2C
1302,Colombia,46,B2C
1303,México,21,B2B
1304,Colombia,50,B2C
1305,Chile,26,B2C
1306,México,52,B2C
1307,Argentina,20,B2C
1308,Chile,64,B2C
1309,Chile,45,B2C
1310,Colombia,63,B2C
1311,Colombia,52,Academic
1312,Chile,26,Academic
1313,Colombia,50,B2C
1314,Chile,40,Academic
1315,Chile,27,B2C
1316,Chile,46,B2B
1317,España,37,B2B
1318,España,46,B2C
1319,España,36,B2C
1320,Argentina,47,B2C
1321,Argentina,19,B2B
1322,México,31,B2B
1323,Colombia,40,B2C
1324,España,39,B2B
1325,Colombia,55,Academic
1326,Colombia,28,B2B
1327,Chile,48,B2C
1328,Colombia,56,B2C
1329,Argentina,40,Academic
1330,Chile,36,B2B
1331,México,36,B2C
1332,España,53,B2C
1333,México,24,B2C
1334,Chile,58,B2B
1335,Chile,28,B2C
1336,Argentina,22,B2B
1337,Colombia,28,B2C
1338,Colombia,54,Academic
1339,Argentina,48,B2C
1340,Colombia,61,B2C
1341,México,29,Academic
1342,España,55,Academic
1343,Colombia,64,B2C
1344,México,39,B2C
1345,México,58,B2C
1346,España,24,B2C
1347,Chile,25,B2C
1348,Colombia,19,B2C
1349,España,27,B2C
1350,España,39,B2C
1351,España,29,B2C
1352,México,41,B2C
1353,Chile,40,B2C
1354,Chile,35,B2C
1355,Argentina,52,B2C
1356,Argentina,47,B2C
1357,Argentina,23,B2C
1358,España,52,B2C
1359,Argentina,51,B2C
1360,Argentina,59,Academic
1361,Chile,44,B2C
1362,España,24,B2B
1363,Argentina,38,B2C
1364,Argentina,34,B2C
1365,México,41,B2C
1366,Chile,61,B2C
1367,México,40,B2C
1368,México,27,B2C
1369,México,24,B2C
1370,Chile,40,B2C
1371,España,31,B2C
1372,México,34,B2C
1373,México,35,B2C
1374,Chile,62,B2C
1375,Colombia,62,B2C
1376,España,60,B2C
1377,Colombia,21,B2C
1378,México,28,B2C
1379,Argentina,52,B2C
1380,México,56,Academic
1381,México,19,B2C
1382,Argentina,20,B2C
1383,Colombia,54,B2C
1384,México,38,B2B
1385,Colombia,62,B2B
1386,Colombia,19,B2C
1387,Argentina,45,B2B
1388,España,56,Academic
1389,Argentina,53,B2C
1390,Argentina,55,B2C
1391,México,46,B2C
1392,Argentina,61,B2C
1393,Chile,50,B2C
1394,Argentina,41,B2C
1395,Argentina,43,Academic
1396,Argentina,39,B2C
1397,Argentina,34,B2C
1398,Colombia,50,B2B
1399,España,23,B2C
1400,México,35,B2C
1401,España,21,B2C
1402,México,24,B2C
1403,Colombia,20,B2C
1404,Colombia,38,B2C
1405,España,64,B2C
1406,España,54,B2C
1407,Chile,27,B2B
1408,Chile,39,B2C
1409,España,63,B2B
1410,Colombia,28,Academic
1411,México,34,B2C
1412,España,55,B2C
1413,México,41,B2C
1414,Colombia,42,B2C
1415,Chile,43,B2C
1416,España,31,B2C
1417,España,26,B2C
1418,Chile,23,B2C
1419,México,50,B2B
1420,España,46,B2B
1421,Colombia,20,B2B
1422,México,23,B2C
1423,España,43,B2B
1424,Colombia,40,Academic
1425,Argentina,23,B2C
1426,Colombia,47,B2C
1427,Colombia,35,B2C
1428,Colombia,61,B2C
1429,Colombia,32,B2C
1430,Argentina,64,B2C
1431,México,35,B2C
1432,Chile,52,B2C
1433,Colombia,57,B2B
1434,Chile,38,B2C
1435,Chile,22,B2C
1436,Colombia,58,B2C
1437,España,60,B2C
1438,Chile,46,Academic
1439,Argentina,36,B2C
1440,Argentina,35,B2C
1441,España,36,B2C
1442,Chile,55,B2C
1443,México,31,B2B
1444,México,59,B2C
1445,Colombia,22,B2C
1446,México,45,B2B
1447,Argentina,41,B2C
1448,España,27,B2C
1449,Chile,64,B2C
1450,Colombia,23,B2C
1451,México,26,B2C
1452,España,29,B2C
1453,México,43,B2B
1454,Argentina,19,B2B
1455,Argentina,55,B2C
1456,España,64,B2C
1457,Argentina,54,B2C
1458,Chile,50,B2C
1459,Chile,64,B2B
1460,Colombia,62,B2C
1461,España,37,Academic
1462,México,39,B2C
1463,Chile,40,B2C
1464,Colombia,20,B2C
1465,Argentina,49,B2C
1466,México,35,B2C
1467,España,26,B2B
1468,Colombia,47,B2C
1469,México,20,B2C
1470,Chile,29,B2C
1471,Chile,27,B2C
1472,Argentina,44,B2C
1473,Colombia,45,Academic
1474,Chile,49,B2B
1475,Argentina,42,B2C
1476,España,34,B2C
1477,Chile,25,Academic
1478,Chile,45,Academic
1479,Colombia,60,B2C
1480,España,50,B2C
1481,Argentina,30,B2C
1482,España,39,B2C
1483,Colombia,20,B2C
1484,España,51,B2B
1485,Chile,56,B2B
1486,España,57,B2C
1487,Colombia,62,B2C
1488,Argentina,22,Academic
1489,Colombia,22,B2C
1490,Chile,44,B2C
1491,Colombia,57,B2C
1492,España,47,B2C
1493,Chile,35,B2C
1494,Chile,26,B2C
1495,Argentina,18,B2C
1496,Chile,53,B2C
1497,Colombia,18,B2C
1498,México,59,B2C
1499,México,60,B2B
1500,Argentina,49,B2C
1501,Colombia,52,B2B
1502,Colombia,47,B2C
1503,Argentina,18,B2C
1504,España,29,Academic
1505,Chile,23,B2C
1506,Chile,18,B2C
1507,Colombia,38,B2B
1508,España,63,B2B
1509,Argentina,41,B2B
1510,Argentina,60,Academic
1511,España,43,B2C
1512,Argentina,46,Academic
1513,México,30,B2C
1514,Colombia,31,B2B
1515,España,45,B2C
1516,México,41,B2C
1517,Colombia,26,B2C
1518,España,44,B2B
1519,Colombia,52,B2C
1520,Chile,44,B2C
1521,Argentina,22,B2B
1522,España,47,B2B
1523,Colombia,52,B2B
1524,Chile,33,Academic
1525,Colombia,32,B2C
1526,Chile,62,B2C
1527,Colombia,37,Academic
1528,Argentina,45,B2C
1529,España,45,B2C
1530,Argentina,44,B2C
1531,México,63,B2B
1532,México,54,B2B
1533,México,47,B2C
1534,Chile,20,B2C
1535,Chile,60,B2C
1536,México,22,B2C
1537,Colombia,40,B2C
1538,España,19,B2C
1539,Argentina,52,B2C
1540,España,57,B2B
1541,España,32,B2C
1542,Colombia,63,B2C
1543,Chile,59,B2C
1544,México,43,B2B
1545,Colombia,43,B2C
1546,México,41,B2C
1547,Chile,62,B2C
1548,Chile,44,B2C
1549,México,39,B2C
1550,México,31,B2B
1551,Colombia,59,B2C
1552,España,41,B2C
1553,Argentina,60,B2B
1554,Colombia,46,B2B
1555,España,44,B2C
1556,Argentina,39,Academic
1557,España,30,B2C
1558,Chile,24,B2C
1559,México,28,Academic
1560,Argentina,20,B2B
1561,Colombia,25,B2C
1562,Colombia,40,B2B
1563,Argentina,39,B2C
1564,Colombia,27,B2C
1565,España,29,B2C
1566,España,21,B2B
1567,México,43,B2C
1568,Argentina,59,B2C
1569,Argentina,49,B2C
1570,Argentina,55,B2C
1571,México,59,B2B
1572,México,63,B2C
1573,Chile,47,B2C
1574,España,30,B2B
1575,México,33,B2C
1576,España,21,B2C
1577,Argentina,35,B2C
1578,Argentina,58,Academic
1579,España,44,B2C
1580,Chile,45,B2C
1581,España,57,Academic
1582,México,64,Academic
1583,Chile,19,B2C
1584,Colombia,19,B2C
1585,Colombia,58,B2C
1586,Colombia,21,B2C
1587,España,24,B2C
1588,Chile,48,B2C
1589,Chile,37,Academic
1590,Chile,39,B2C
1591,México,62,B2B
1592,España,43,B2C
1593,México,19,Academic
1594,Colombia,44,B2C
1595,Colombia,42,B2C
1596,España,37,B2B
1597,México,47,B2C
1598,España,34,B2C
1599,Chile,58,B2C
1600,España,20,B2C
1601,España,19,B2C
1602,Colombia,22,B2C
1603,México,50,Academic
1604,México,39,B2C
1605,España,18,B2C
1606,Argentina,33,B2B
1607,España,36,B2C
1608,Chile,63,Academic
1609,Colombia,38,B2C
1610,España,40,Academic
1611,España,41,Academic
1612,Chile,52,B2C
1613,España,63,B2C
1614,Colombia,39,B2C
1615,Argentina,26,B2C
1616,España,46,B2C
1617,Argentina,60,B2B
1618,México,31,B2B
1619,Argentina,47,B2C
1620,México,58,B2B
1621,Argentina,19,B2C
1622,España,57,B2C
1623,Argentina,27,B2C
1624,Colombia,34,B2C
1625,Chile,33,B2C
1626,México,61,B2C
1627,Colombia,32,B2C
1628,Chile,20,B2B
1629,Argentina,18,B2C
1630,Argentina,30,B2C
1631,Chile,27,B2C
1632,Argentina,38,B2B
1633,Argentina,30,B2C
1634,Colombia,28,B2B
1635,Argentina,61,B2C
1636,España,42,Academic
1637,Argentina,51,B2B
1638,Argentina,58,B2C
1639,México,59,B2C
1640,Argentina,40,Academic
1641,Colombia,48,B2C
1642,Colombia,49,B2C
1643,Argentina,30,Academic
1644,Chile,48,B2C
1645,España,47,B2C
1646,España,45,B2C
1647,Argentina,64,B2C
1648,España,24,B2C
1649,Chile,53,B2C
1650,España,42,B2C
1651,México,23,B2C
1652,Argentina,46,Academic
1653,Argentina,63,B2C
1654,Colombia,24,B2B
1655,Colombia,43,B2B
1656,México,40,B2C
1657,Colombia,61,B2C
1658,España,38,B2C
1659,España,58,B2C
1660,Colombia,28,B2C
1661,Chile,53,B2C
1662,México,36,B2C
1663,Chile,56,B2C
1664,Colombia,63,B2C
1665,Chile,46,Academic
1666,Colombia,48,B2B
1667,Argentina,44,Academic
1668,Chile,24,B2C
1669,Argentina,53,B2C
1670,Chile,25,B2C
1671,Argentina,64,B2C
1672,España,60,B2C
1673,España,42,Academic
1674,México,47,B2B
1675,Argentina,27,B2C
1676,Chile,31,B2C
1677,Chile,24,B2B
1678,España,53,B2C
1679,Chile,56,B2B
1680,Colombia,63,B2C
1681,Colombia,41,B2C
1682,Argentina,61,B2C
1683,España,29,Academic
1684,Colombia,26,B2C
1685,Colombia,22,Academic
1686,Argentina,28,B2B
1687,Colombia,18,B2C
1688,Colombia,27,B2C
1689,Argentina,42,B2C
1690,España,48,Academic
1691,España,56,B2C
1692,Chile,64,B2C
1693,México,53,B2C
1694,Colombia,62,B2C
1695,Colombia,29,B2C
1696,Colombia,39,B2C
1697,México,27,B2C
1698,México,33,B2C
1699,Argentina,36,Academic
1700,Argentina,27,B2C
1701,Chile,28,B2B
1702,Colombia,59,B2B
1703,España,31,B2B
1704,España,60,B2C
1705,España,57,B2C
1706,Colombia,50,B2C
1707,España,23,B2C
1708,México,37,B2C
1709,Colombia,62,B2C
1710,Colombia,60,B2B
1711,Argentina,47,B2C
1712,México,64,B2C
1713,Chile,22,B2C
1714,México,19,B2C
1715,España,30,B2C
1716,España,18,Academic
1717,Argentina,39,B2C
1718,Colombia,39,B2C
1719,Colombia,62,B2C
1720,España,42,B2C
1721,España,32,B2C
1722,Chile,19,B2B
1723,España,34,B2C
1724,México,33,B2B
1725,Chile,62,B2C
1726,España,34,B2C
1727,Chile,26,Academic
1728,España,47,Academic
1729,Argentina,57,Academic
1730,Colombia,25,B2C
1731,Chile,48,B2C
1732,Argentina,50,Academic
1733,Chile,58,B2C
1734,México,64,B2B
1735,México,50,B2C
1736,Argentina,21,B2C
1737,Chile,45,Academic
1738,Chile,41,B2C
1739,España,41,B2C
1740,España,31,B2C
1741,Chile,64,B2B
1742,Argentina,29,B2C
1743,México,55,B2C
1744,Chile,59,Academic
1745,Argentina,63,B2C
1746,Chile,34,B2C
1747,Chile,50,B2C
1748,España,60,B2C
1749,Argentina,19,B2C
1750,Argentina,29,B2B
1751,Chile,40,B2C
1752,México,24,B2C
1753,España,60,B2B
1754,España,57,B2C
1755,Colombia,27,B2C
1756,Chile,21,B2C
1757,Chile,41,B2C
1758,España,61,Academic
1759,Argentina,40,B2C
1760,México,26,Academic
1761,México,44,B2C
1762,España,57,B2C
1763,Argentina,52,B2C
1764,Argentina,31,B2C
1765,México,36,B2C
1766,Colombia,21,B2C
1767,España,56,B2C
1768,España,63,B2C
1769,Argentina,32,B2B
1770,México,23,B2C
1771,Argentina,58,B2C
1772,México,61,B2C
1773,Argentina,43,B2C
1774,España,29,B2B
1775,España,61,B2C
1776,España,49,B2B
1777,México,33,B2B
1778,España,56,B2C
1779,Chile,54,B2B
1780,Chile,48,B2C
1781,Chile,46,Academic
1782,Argentina,33,B2C
1783,España,34,B2C
1784,Chile,38,B2C
1785,Argentina,61,B2C
1786,Argentina,26,Academic
1787,México,37,B2C
1788,Chile,38,B2B
1789,Argentina,28,B2C
1790,Colombia,22,B2C
1791,Chile,38,Academic
1792,España,49,B2B
1793,México,34,B2C
1794,Colombia,27,B2C
1795,Argentina,58,B2C
1796,Colombia,59,Academic
1797,España,60,B2B
1798,Argentina,33,B2C
1799,Chile,42,B2C
1800,España,23,B2C
1801,España,48,B2C
1802,España,18,B2C
1803,Chile,58,B2C
1804,México,59,B2C
1805,Chile,22,B2B
1806,México,37,B2B
1807,Chile,43,B2C
1808,Chile,61,B2C
1809,México,44,B2B
1810,Colombia,19,B2C
1811,Colombia,39,B2C
1812,España,38,B2C
1813,México,50,B2B
1814,Argentina,40,B2B
1815,Chile,35,B2C
1816,España,48,B2C
1817,Colombia,37,B2C
1818,México,22,B2B
1819,Chile,43,B2C
1820,Chile,18,Academic
1821,Argentina,49,B2C
1822,España,43,B2C
1823,Argentina,54,B2C
1824,Chile,30,B2B
1825,Argentina,41,B2C
1826,España,34,B2C
1827,España,47,B2C
1828,México,39,B2C
1829,México,41,B2C
1830,Argentina,31,B2C
1831,España,18,B2C
1832,Argentina,36,Academic
1833,Chile,54,B2C
1834,España,55,B2C
1835,Colombia,51,B2B
1836,Colombia,31,Academic
1837,México,30,B2C
1838,Argentina,37,B2B
1839,España,50,Academic
1840,España,61,Academic
1841,Argentina,31,B2C
1842,Chile,44,B2B
1843,Chile,60,B2C
1844,Chile,45,B2B
1845,Argentina,38,B2B
1846,Chile,37,B2C
1847,Colombia,42,B2C
1848,Colombia,20,B2C
1849,España,47,Academic
1850,España,22,Academic
1851,Chile,23,B2C
1852,Colombia,63,B2C
1853,Chile,54,B2B
1854,México,35,B2C
1855,Colombia,20,Academic
1856,México,26,B2C
1857,Argentina,60,B2C
1858,Chile,40,B2B
1859,México,31,B2C
1860,Chile,57,B2C
1861,Argentina,39,B2B
1862,Colombia,26,Academic
1863,Argentina,51,B2B
1864,España,33,B2C
1865,Colombia,44,B2C
1866,España,52,Academic
1867,Colombia,62,B2C
1868,España,47,B2C
1869,Argentina,31,B2C
1870,Colombia,47,B2B
1871,México,31,B2B
1872,Chile,45,Academic
1873,España,22,B2C
1874,México,59,B2B
1875,Argentina,55,Academic
1876,Colombia,28,B2C
1877,España,55,B2B
1878,México,49,B2C
1879,Colombia,24,B2C
1880,Colombia,39,B2C
1881,Colombia,26,B2B
1882,México,35,B2C
1883,Argentina,60,B2C
1884,México,52,B2C
1885,Chile,55,Academic
1886,Colombia,62,B2C
1887,Chile,24,B2C
1888,Chile,45,Academic
1889,México,34,B2C
1890,Chile,45,B2B
1891,Chile,46,B2C
1892,Chile,28,B2C
1893,Chile,36,B2C
1894,Argentina,41,B2B
1895,Argentina,56,B2C
1896,España,51,B2C
1897,España,63,B2C
1898,Chile,62,B2C
1899,Chile,24,B2B
1900,México,59,B2B
1901,España,61,B2B
1902,Colombia,58,B2B
1903,Argentina,33,B2B
1904,Chile,35,Academic
1905,Argentina,60,B2C
1906,Chile,51,B2C
1907,Chile,62,B2C
1908,España,39,B2C
1909,Argentina,45,B2C
1910,España,18,B2C
1911,México,27,B2C
1912,Colombia,32,Academic
1913,Colombia,39,Academic
1914,Argentina,41,B2B
1915,Chile,56,B2C
1916,Chile,39,B2C
1917,España,43,B2C
1918,Chile,50,B2C
1919,Chile,52,B2C
1920,Chile,27,B2B
1921,Colombia,55,B2C
1922,Colombia,49,B2C
1923,Colombia,32,B2B
1924,Colombia,35,B2C
1925,España,57,Academic
1926,Chile,57,B2B
1927,Argentina,18,B2C
1928,Argentina,18,B2C
1929,México,36,B2B
1930,Chile,21,B2C
1931,España,32,B2C
1932,Chile,33,Academic
1933,España,60,B2C
1934,México,52,B2C
1935,México,47,B2C
1936,Argentina,59,B2C
1937,España,42,B2C
1938,México,62,Academic
1939,México,62,Academic
1940,Chile,56,B2C
1941,Colombia,26,B2C
1942,Colombia,48,B2C
1943,Chile,41,B2C
1944,México,34,B2C
1945,Colombia,54,Academic
1946,España,53,B2C
1947,Argentina,40,B2C
1948,Colombia,41,B2B
1949,Chile,57,B2C
1950,España,24,B2B
1951,México,58,B2C
1952,México,39,B2C
1953,Argentina,53,B2C
1954,México,58,B2C
1955,Colombia,59,B2B
1956,España,36,B2C
1957,España,54,B2B
1958,España,35,B2C
1959,México,20,B2B
1960,Colombia,31,B2C
1961,Chile,21,B2C
1962,España,38,B2B
1963,Argentina,26,B2C
1964,Argentina,59,B2C
1965,Colombia,39,B2C
1966,Chile,31,B2C
1967,Argentina,50,B2C
1968,Colombia,44,B2C
1969,Argentina,55,B2B
1970,Argentina,48,B2C
1971,Colombia,25,B2C
1972,Colombia,55,B2B
1973,Colombia,61,B2C
1974,España,19,B2C
1975,España,24,Academic
1976,México,25,B2C
1977,Argentina,20,B2C
1978,España,35,Academic
1979,México,58,Academic
1980,España,40,B2C
1981,Chile,39,B2C
1982,Chile,51,B2B
1983,Argentina,43,B2C
1984,México,19,B2C
1985,España,30,B2C
1986,Chile,61,B2C
1987,Colombia,54,Academic
1988,México,30,B2C
1989,España,26,B2C
1990,Chile,51,B2B
1991,España,44,B2B
1992,Colombia,52,B2C
1993,Chile,28,Academic
1994,Colombia,43,B2B
1995,México,50,B2C
1996,Colombia,34,B2C
1997,Colombia,63,B2C
1998,México,59,B2C
1999,Argentina,30,B2B
2000,México,59,B2B
